player,position,Fantasy Points,FP deviation,Floor,Ceiling,Geometric mean,Median
Ravens,DST,9.36,2.91,3.53,15.18,8.94,9.1
Buccaneers,DST,8.6,1.9,4.81,12.4,8.38,8.12
Rams,DST,8.21,1.01,6.19,10.23,8.15,8.3
Chiefs,DST,8.12,0.45,7.23,9.01,8.11,8.3
Cardinals,DST,7.52,2.03,3.47,11.58,7.27,7.0
Panthers,DST,7.42,1.48,4.46,10.39,7.24,8.1
Seahawks,DST,7.37,1.44,4.49,10.26,7.23,7.36
Steelers,DST,7.31,1.04,5.24,9.39,7.23,7.56
Raiders,DST,7.22,1.71,3.81,10.63,7.0,7.3
Chargers,DST,7.19,1.18,4.83,9.54,7.08,7.4
Patriots,DST,7.08,1.07,4.93,9.23,7.0,7.2
Falcons,DST,7.06,1.42,4.22,9.91,6.93,6.2
Broncos,DST,6.92,0.58,5.75,8.08,6.89,7.1
Cowboys,DST,6.84,1.03,4.78,8.91,6.78,6.32
Jaguars,DST,6.79,2.59,1.62,11.97,6.21,6.8
Vikings,DST,6.77,0.43,5.91,7.64,6.76,7.0
Eagles,DST,6.69,2.29,2.11,11.28,6.31,6.4
Redskins,DST,6.68,1.3,4.08,9.28,6.54,6.6
Colts,DST,6.54,1.17,4.19,8.88,6.44,5.9
Bengals,DST,6.48,1.56,3.35,9.6,6.27,6.6
Dolphins,DST,6.43,0.51,5.41,7.45,6.41,6.25
Giants,DST,6.3,1.28,3.74,8.85,6.16,6.29
Titans,DST,6.12,0.63,4.86,7.37,6.08,6.28
Texans,DST,6.03,2.39,1.24,10.82,5.45,6.21
Packers,DST,5.58,0.6,4.37,6.79,5.54,5.8
Bills,DST,5.53,1.16,3.21,7.85,5.39,6.2
Bears,DST,5.25,1.34,2.56,7.93,5.03,6.1
Lions,DST,5.04,1.54,1.97,8.12,4.74,5.54
49ers,DST,4.84,1.54,1.75,7.93,4.57,5.6
Browns,DST,4.62,1.05,2.52,6.72,4.5,4.6
Jets,DST,4.45,0.74,2.97,5.93,4.39,4.4
Saints,DST,3.45,0.82,1.81,5.1,3.35,3.76
Matt Ryan,QB,23.96,1.64,20.69,27.24,23.91,24.14
Matt Ryan,QB,23.96,1.64,20.69,27.24,23.91,24.14
Tom Brady,QB,23.31,3.52,16.27,30.35,23.03,24.86
Tom Brady,QB,23.31,3.52,16.27,30.35,23.03,24.86
Drew Brees,QB,22.85,2.03,18.79,26.91,22.76,23.33
Drew Brees,QB,22.85,2.03,18.79,26.91,22.76,23.33
Aaron Rodgers,QB,22.0,2.18,17.64,26.36,21.89,22.47
Aaron Rodgers,QB,22.0,2.18,17.64,26.36,21.89,22.47
Russell Wilson,QB,20.87,0.97,18.92,22.81,20.84,20.99
Russell Wilson,QB,20.87,0.97,18.92,22.81,20.84,20.99
Cam Newton,QB,19.19,1.02,17.14,21.23,19.16,19.46
Cam Newton,QB,19.19,1.02,17.14,21.23,19.16,19.46
Kirk Cousins,QB,18.29,0.94,16.4,20.17,18.26,17.7
Kirk Cousins,QB,18.29,0.94,16.4,20.17,18.26,17.7
Jameis Winston,QB,18.14,1.25,15.63,20.65,18.1,17.98
Jameis Winston,QB,18.14,1.25,15.63,20.65,18.1,17.98
Carson Palmer,QB,18.07,2.06,13.94,22.2,17.97,17.54
Carson Palmer,QB,18.07,2.06,13.94,22.2,17.97,17.54
Alex Smith,QB,17.47,1.24,14.98,19.96,17.43,17.07
Alex Smith,QB,17.47,1.24,14.98,19.96,17.43,17.07
Matthew Stafford,QB,17.42,1.36,14.69,20.14,17.37,17.18
Matthew Stafford,QB,17.42,1.36,14.69,20.14,17.37,17.18
Philip Rivers,QB,17.28,0.8,15.68,18.88,17.26,16.9
Philip Rivers,QB,17.28,0.8,15.68,18.88,17.26,16.9
Blake Bortles,QB,16.75,1.15,14.44,19.06,16.71,16.24
Blake Bortles,QB,16.75,1.15,14.44,19.06,16.71,16.24
Eli Manning,QB,16.42,0.68,15.05,17.78,16.4,16.42
Eli Manning,QB,16.42,0.68,15.05,17.78,16.4,16.42
Dak Prescott,QB,15.99,1.54,12.9,19.08,15.92,15.89
Dak Prescott,QB,15.99,1.54,12.9,19.08,15.92,15.89
Joe Flacco,QB,15.66,0.99,13.69,17.64,15.63,16.01
Joe Flacco,QB,15.66,0.99,13.69,17.64,15.63,16.01
Derek Carr,QB,15.46,6.92,1.61,29.31,18.55,18.44
Derek Carr,QB,15.46,6.92,1.61,29.31,18.55,18.44
Andy Dalton,QB,15.35,2.11,11.13,19.57,15.2,15.33
Andy Dalton,QB,15.35,2.11,11.13,19.57,15.2,15.33
Jay Cutler,QB,15.12,1.13,12.87,17.37,15.08,14.75
Jay Cutler,QB,15.12,1.13,12.87,17.37,15.08,14.75
Sam Bradford,QB,14.86,1.26,12.34,17.38,14.81,14.86
Sam Bradford,QB,14.86,1.26,12.34,17.38,14.81,14.86
Ben Roethlisberger,QB,14.77,6.64,1.5,28.04,17.71,17.51
Ben Roethlisberger,QB,14.77,6.64,1.5,28.04,17.71,17.51
Trevor Siemian,QB,14.74,1.35,12.05,17.44,14.68,14.5
Trevor Siemian,QB,14.74,1.35,12.05,17.44,14.68,14.5
Carson Wentz,QB,14.27,0.98,12.3,16.24,14.24,13.86
Carson Wentz,QB,14.27,0.98,12.3,16.24,14.24,13.86
Josh McCown,QB,14.23,0.61,13.0,15.45,14.21,14.01
Josh McCown,QB,14.23,0.61,13.0,15.45,14.21,14.01
Marcus Mariota,QB,14.16,6.36,1.44,26.88,16.98,16.84
Marcus Mariota,QB,14.16,6.36,1.44,26.88,16.98,16.84
Tyrod Taylor,QB,13.87,6.35,1.17,26.56,16.58,16.31
Tyrod Taylor,QB,13.87,6.35,1.17,26.56,16.58,16.31
DeShone Kizer,QB,13.42,1.65,10.13,16.71,13.31,13.55
DeShone Kizer,QB,13.42,1.65,10.13,16.71,13.31,13.55
Jared Goff,QB,13.28,2.4,8.49,18.07,13.05,14.12
Jared Goff,QB,13.28,2.4,8.49,18.07,13.05,14.12
Mike Glennon,QB,13.06,1.1,10.87,15.25,13.01,12.77
Mike Glennon,QB,13.06,1.1,10.87,15.25,13.01,12.77
Brian Hoyer,QB,12.75,1.94,8.87,16.62,12.61,12.53
Brian Hoyer,QB,12.75,1.94,8.87,16.62,12.61,12.53
Deshaun Watson,QB,10.21,4.61,0.99,19.43,8.09,11.91
Deshaun Watson,QB,10.21,4.61,0.99,19.43,8.09,11.91
Jacoby Brissett,QB,8.68,5.29,-1.91,19.26,4.59,10.3
Scott Tolzien,QB,5.92,6.2,-6.47,18.32,1.7,3.81
Scott Tolzien,QB,5.92,6.2,-6.47,18.32,1.7,3.81
Tom Savage,QB,5.02,5.54,-6.06,16.11,2.07,1.09
Cody Kessler,QB,3.71,6.31,-8.91,16.34,2.21,0.34
Matt Moore,QB,3.59,5.7,-7.8,14.98,0.56,0.15
Landry Jones,QB,3.25,5.7,-8.16,14.65,0.53,0.43
Matt Cassel,QB,3.08,5.0,-6.92,13.08,0.57,0.32
Brock Osweiler,QB,1.16,1.48,-1.8,4.13,0.49,0.42
Ryan Fitzpatrick,QB,0.94,1.07,-1.19,3.07,0.48,0.44
AJ McCarron,QB,0.67,0.97,-1.27,2.61,0.35,0.22
Case Keenum,QB,0.64,0.66,-0.69,1.97,0.37,0.35
Nick Foles,QB,0.62,0.71,-0.81,2.04,0.32,0.27
Bryce Petty,QB,0.59,1.07,-1.54,2.72,0.21,0.02
Chad Henne,QB,0.59,0.62,-0.66,1.83,0.89,0.48
Geno Smith,QB,0.37,0.26,-0.14,0.89,0.21,0.38
E.J. Manuel,QB,0.34,0.24,-0.14,0.83,0.51,0.49
Austin Davis,QB,0.29,0.18,-0.08,0.65,0.21,0.29
Mitchell Trubisky,QB,0.28,0.1,0.08,0.48,0.26,0.21
Patrick Mahomes,QB,0.28,0.32,-0.37,0.92,0.1,0.17
Cardale Jones,QB,0.23,0.32,-0.4,0.86,0.11,0.08
Cooper Rush,QB,0.22,0.21,-0.19,0.63,0.06,0.21
Colt McCoy,QB,0.19,0.21,-0.23,0.61,0.12,0.17
C.J. Beathard,QB,0.18,0.24,-0.29,0.66,0.04,0.02
Nathan Peterman,QB,0.17,0.18,-0.19,0.54,0.13,0.12
Derek Anderson,QB,0.17,0.21,-0.26,0.59,0.12,0.1
Matt Schaub,QB,0.16,0.18,-0.2,0.52,0.11,0.1
Kellen Moore,QB,0.16,0.17,-0.18,0.49,0.3,0.12
Chase Daniel,QB,0.15,0.22,-0.28,0.58,0.07,0.05
Sean Mannion,QB,0.15,0.25,-0.34,0.64,0.07,0.0
Kellen Clemens,QB,0.14,0.18,-0.23,0.51,0.1,0.02
Brett Hundley,QB,0.13,0.15,-0.17,0.44,0.07,0.09
Ryan Mallett,QB,0.13,0.19,-0.25,0.51,0.13,0.02
Jake Rudock,QB,0.12,0.19,-0.26,0.5,0.04,0.02
Jimmy Garoppolo,QB,0.12,0.19,-0.26,0.5,0.11,0.02
Blaine Gabbert,QB,0.11,0.08,-0.06,0.28,0.13,0.11
Drew Stanton,QB,0.08,0.11,-0.14,0.29,0.0,0.0
Kevin Hogan,QB,0.04,0.06,-0.08,0.17,0.04,0.02
T.J. Yates,QB,0.02,0.0,0.02,0.02,0.02,0.02
Connor Cook,QB,0.01,0.01,-0.01,0.03,0.02,0.01
Mark Sanchez,QB,0.01,0.01,-0.0,0.02,0.01,0.01
Christian Hackenberg,QB,0.0,0.0,-0.0,0.01,0.0,0.0
Brad Kaaya,QB,0.0,0.0,0.0,0.0,,0.0
Joshua Dobbs,QB,0.0,0.0,0.0,0.0,,0.0
Ryan Griffin,QB,0.0,0.0,0.0,0.0,,0.0
Connor Shaw,QB,0.0,0.0,0.0,0.0,,0.0
Taylor Heinicke,QB,0.0,0.0,0.0,0.0,,0.0
Jeff Driskel,QB,0.0,0.0,0.0,0.0,,0.0
Brandon Allen,QB,0.0,0.0,0.0,0.0,,0.0
Davis Webb,QB,0.0,0.0,0.0,0.0,,0.0
Ezekiel Elliott,RB,18.67,3.29,12.09,25.24,18.39,17.92
Devonta Freeman,RB,17.04,1.54,13.95,20.13,16.97,17.12
LeSean McCoy,RB,16.72,0.77,15.17,18.27,16.7,16.7
Melvin Gordon,RB,16.72,1.79,13.13,20.31,16.62,17.16
LeVeon Bell,RB,16.62,7.9,0.82,32.41,19.69,20.42
Todd Gurley,RB,15.61,2.52,10.58,20.65,15.37,16.64
Kareem Hunt,RB,15.37,2.31,10.76,19.99,15.21,15.09
Jordan Howard,RB,14.54,1.08,12.39,16.69,14.5,14.31
Marshawn Lynch,RB,13.81,1.87,10.07,17.55,13.69,13.69
DeMarco Murray,RB,13.65,2.18,9.29,18.01,13.48,13.56
Leonard Fournette,RB,13.52,1.03,11.47,15.57,13.48,13.98
Ty Montgomery,RB,13.43,1.75,9.93,16.94,13.32,13.43
Jay Ajayi,RB,13.39,0.81,11.76,15.01,13.36,13.26
Terrance West,RB,12.51,1.01,10.5,14.52,12.47,12.34
Mark Ingram,RB,12.43,1.78,8.87,15.99,12.32,11.85
Christian McCaffrey,RB,12.37,2.44,7.48,17.26,12.09,13.07
Dalvin Cook,RB,12.1,1.96,8.19,16.01,11.93,12.74
Isaiah Crowell,RB,11.81,0.66,10.5,13.12,11.79,11.78
Frank Gore,RB,11.5,2.68,6.14,16.85,11.19,10.75
Jacquizz Rodgers,RB,11.37,1.75,7.87,14.87,11.22,11.65
Mike Gillislee,RB,11.09,1.32,8.46,13.72,11.02,10.35
Tevin Coleman,RB,10.77,1.28,8.21,13.33,10.69,10.84
Rob Kelley,RB,10.72,1.49,7.73,13.71,10.62,10.87
Bilal Powell,RB,10.62,4.92,0.79,20.45,12.68,12.18
C.J. Anderson,RB,10.51,4.87,0.78,20.25,12.54,11.68
Paul Perkins,RB,10.21,0.69,8.83,11.59,10.19,10.17
Lamar Miller,RB,10.19,4.72,0.74,19.64,12.15,12.13
Carlos Hyde,RB,10.0,4.68,0.64,19.36,11.91,11.22
LeGarrette Blount,RB,9.72,1.64,6.45,12.99,9.58,9.2
Darren Sproles,RB,9.49,2.24,5.01,13.97,9.19,9.65
Thomas Rawls,RB,9.46,4.62,0.22,18.71,8.54,8.25
James White,RB,9.46,1.37,6.73,12.19,9.35,10.1
Duke Johnson,RB,9.34,1.34,6.65,12.02,9.24,9.23
Kerwynn Williams,RB,8.77,4.97,-1.17,18.71,10.01,8.9
Tarik Cohen,RB,8.41,3.56,1.29,15.54,7.49,11.03
Chris Thompson,RB,8.25,1.76,4.74,11.77,8.05,8.58
Jonathan Stewart,RB,8.19,3.75,0.69,15.68,9.79,9.28
Ameer Abdullah,RB,7.96,3.81,0.33,15.58,9.42,9.3
Joe Mixon,RB,7.84,3.76,0.32,15.36,6.57,10.3
Theo Riddick,RB,7.77,3.72,0.32,15.22,9.2,9.2
Charles Sims,RB,7.76,4.02,-0.27,15.79,9.03,9.25
Matt Forte,RB,7.36,3.85,-0.34,15.06,8.52,8.49
Adrian Peterson,RB,7.31,2.25,2.82,11.8,6.98,7.15
Shane Vereen,RB,6.86,3.19,0.48,13.24,8.18,7.98
Giovani Bernard,RB,6.69,3.32,0.05,13.33,7.86,7.6
Jamaal Charles,RB,6.55,1.82,2.91,10.19,6.3,6.67
Jerick McKinnon,RB,6.37,4.35,-2.33,15.07,5.16,5.01
Javorius Allen,RB,6.36,3.32,-0.28,12.99,4.44,7.02
Derrick Henry,RB,6.2,0.94,4.33,8.08,6.12,6.24
Alvin Kamara,RB,5.82,1.77,2.29,9.36,5.5,6.86
Andre Ellington,RB,5.8,3.17,-0.54,12.13,4.92,5.15
Latavius Murray,RB,5.72,1.55,2.62,8.81,5.52,5.25
Chris Ivory,RB,5.61,4.1,-2.59,13.82,4.53,3.65
Jeremy Hill,RB,5.51,3.48,-1.45,12.46,6.04,5.89
Robert Turbin,RB,5.32,1.15,3.01,7.62,5.2,4.72
Alfred Blue,RB,5.23,4.81,-4.4,14.85,3.66,3.58
Jalen Richard,RB,5.12,0.69,3.75,6.49,5.07,5.18
Charcandrick West,RB,5.05,1.21,2.62,7.48,4.91,4.89
Eddie Lacy,RB,5.04,2.04,0.96,9.12,4.39,5.63
C.J. Prosise,RB,4.94,2.79,-0.63,10.51,5.61,5.42
Damien Williams,RB,4.8,1.19,2.41,7.19,4.66,4.48
Branden Oliver,RB,4.78,1.39,2.0,7.56,4.59,4.15
Rex Burkhead,RB,4.5,1.25,2.0,7.01,4.32,4.66
DeAndre Washington,RB,4.48,2.06,0.35,8.61,2.64,5.07
Dion Lewis,RB,4.47,1.99,0.48,8.46,4.02,4.15
Zach Zenner,RB,4.21,3.77,-3.33,11.76,2.66,2.16
Jamaal Williams,RB,4.19,1.92,0.35,8.03,3.64,4.87
Mike Tolbert,RB,4.07,1.64,0.79,7.34,3.58,4.36
Matt Breida,RB,4.03,0.41,3.21,4.86,4.01,3.8
T.J. Yeldon,RB,3.85,2.05,-0.25,7.95,4.48,3.89
Marlon Mack,RB,3.72,0.85,2.02,5.42,3.63,3.22
Cameron Artis-Payne,RB,3.53,3.5,-3.48,10.53,3.22,1.68
Kyle Juszczyk,RB,3.3,1.64,0.01,6.58,2.91,2.96
Chris Carson,RB,3.28,2.28,-1.27,7.83,3.5,4.3
Malcolm Brown,RB,3.02,0.76,1.49,4.54,2.91,2.86
Darren McFadden,RB,3.02,1.89,-0.76,6.79,1.37,2.56
Wendell Smallwood,RB,2.99,1.47,0.06,5.92,3.52,3.35
Dwayne Washington,RB,2.79,1.52,-0.25,5.82,2.46,2.42
James Conner,RB,2.76,0.94,0.89,4.63,2.54,3.2
Chris Johnson,RB,2.69,2.69,-2.69,8.06,5.37,2.69
Orleans Darkwa,RB,2.61,1.64,-0.67,5.88,2.84,2.88
Alfred Morris,RB,2.51,0.82,0.87,4.14,2.35,2.81
Samaje Perine,RB,2.37,0.98,0.41,4.33,2.17,2.02
Kenyan Drake,RB,2.29,0.85,0.59,3.98,2.05,2.4
Tyler Ervin,RB,2.24,1.21,-0.18,4.67,1.85,2.01
Peyton Barber,RB,1.94,1.6,-1.26,5.14,1.42,1.27
Elijah McGuire,RB,1.87,1.23,-0.59,4.33,1.36,1.5
Fozzy Whittaker,RB,1.87,1.13,-0.4,4.13,1.53,1.53
Cedric Peerman,RB,1.67,2.36,-3.05,6.39,5.01,0.0
Elijhaa Penny,RB,1.65,1.62,-1.6,4.89,2.51,1.63
Corey Grant,RB,1.57,1.5,-1.43,4.57,1.02,0.68
Aaron Ripkowski,RB,1.55,0.97,-0.39,3.49,1.01,1.49
DOnta Foreman,RB,1.45,0.55,0.36,2.54,1.35,1.15
DeAngelo Henderson,RB,1.22,0.54,0.14,2.31,1.06,1.29
Austin Ekeler,RB,1.18,0.88,-0.58,2.94,0.92,0.66
Jamize Olawale,RB,1.17,0.52,0.13,2.21,1.07,1.02
Terron Ward,RB,1.06,0.66,-0.25,2.38,0.65,1.17
Justin Davis,RB,1.04,1.04,-1.04,3.13,0.7,0.48
Joe Banyard,RB,0.99,0.72,-0.44,2.42,1.12,0.79
Matthew Dayes,RB,0.95,0.58,-0.2,2.11,0.74,1.04
Aaron Jones,RB,0.9,0.48,-0.07,1.87,0.77,0.78
C.J. Spiller,RB,0.82,0.24,0.35,1.3,0.79,0.86
Benny Cunningham,RB,0.81,0.52,-0.23,1.85,0.67,0.53
Raheem Mostert,RB,0.62,0.38,-0.14,1.37,0.74,0.73
Patrick DiMarco,RB,0.52,0.11,0.3,0.74,0.51,0.57
Terrell Watson,RB,0.51,0.63,-0.75,1.78,0.44,0.23
Andy Janovich,RB,0.49,0.28,-0.06,1.05,0.56,0.51
Wayne Gallman,RB,0.46,0.58,-0.7,1.63,0.38,0.2
Jalston Fowler,RB,0.4,0.35,-0.3,1.1,0.26,0.28
Matt Jones,RB,0.39,0.39,-0.39,1.17,0.78,0.39
Taiwan Jones,RB,0.38,0.11,0.15,0.61,0.36,0.39
Anthony Sherman,RB,0.37,0.28,-0.19,0.93,0.24,0.34
Derek Watt,RB,0.37,0.08,0.22,0.52,0.36,0.39
Tre Madden,RB,0.36,0.62,-0.89,1.61,1.44,0.0
Devante Mays,RB,0.25,0.21,-0.16,0.66,0.41,0.38
James Develin,RB,0.24,0.14,-0.04,0.53,0.13,0.29
Brian Hill,RB,0.23,0.16,-0.09,0.55,0.28,0.24
Derrick Coleman,RB,0.22,0.22,-0.22,0.68,0.45,0.22
David Fluellen,RB,0.22,0.16,-0.1,0.55,0.33,0.29
Mack Brown,RB,0.2,0.18,-0.16,0.57,0.33,0.21
Roosevelt Nix,RB,0.2,0.05,0.09,0.3,0.19,0.2
Rod Smith,RB,0.2,0.25,-0.3,0.7,0.34,0.09
Tommy Bohanon,RB,0.17,0.17,-0.17,0.51,0.34,0.17
Daniel Lasco,RB,0.16,0.16,-0.16,0.5,0.33,0.16
Jay Prosch,RB,0.15,0.08,-0.0,0.3,0.13,0.14
Keith Smith,RB,0.15,0.09,-0.04,0.33,0.19,0.16
Senorise Perry,RB,0.14,0.2,-0.26,0.55,0.43,0.0
C.J. Ham,RB,0.06,0.11,-0.16,0.29,0.26,0.0
Mike James,RB,0.0,0.0,0.0,0.0,,0.0
Tyler Gaffney,RB,0.0,0.0,0.0,0.0,,0.0
Bishop Sankey,RB,0.0,0.0,0.0,0.0,,0.0
Keith Marshall,RB,0.0,0.0,0.0,0.0,,0.0
Joe Kerridge,RB,0.0,0.0,0.0,0.0,,0.0
Joe Williams,RB,0.0,0.0,0.0,0.0,,0.0
Taquan Mizzell,RB,0.0,0.0,0.0,0.0,,0.0
Travis Kelce,TE,12.56,1.5,9.55,15.57,12.46,12.87
Jordan Reed,TE,12.53,1.69,9.15,15.91,12.4,12.78
Rob Gronkowski,TE,12.4,6.53,-0.65,25.45,14.38,13.82
Greg Olsen,TE,11.57,1.86,7.86,15.28,11.39,12.11
Zach Ertz,TE,10.5,1.61,7.29,13.72,10.37,10.86
Jimmy Graham,TE,10.41,2.09,6.23,14.58,10.17,11.2
Kyle Rudolph,TE,10.27,1.37,7.54,13.0,10.18,10.5
Delanie Walker,TE,10.24,1.83,6.58,13.89,10.06,10.06
Coby Fleener,TE,9.29,2.09,5.12,13.46,8.97,10.16
Eric Ebron,TE,9.25,1.85,5.55,12.94,9.05,9.41
Martellus Bennett,TE,9.02,2.23,4.56,13.48,8.67,10.36
Charles Clay,TE,8.73,1.16,6.41,11.04,8.64,9.25
Jared Cook,TE,8.55,1.31,5.93,11.17,8.46,7.67
Hunter Henry,TE,8.21,2.33,3.54,12.88,7.74,8.75
Jason Witten,TE,8.12,1.18,5.77,10.48,8.03,8.54
Jack Doyle,TE,7.98,1.27,5.45,10.51,7.86,8.24
Tyler Eifert,TE,7.37,3.45,0.46,14.28,8.76,8.96
Jesse James,TE,7.26,1.63,4.0,10.52,7.07,7.36
Antonio Gates,TE,7.17,0.9,5.37,8.97,7.11,7.17
Julius Thomas,TE,6.89,1.68,3.53,10.25,6.67,7.47
Evan Engram,TE,6.86,2.2,2.47,11.26,6.36,8.3
Cameron Brate,TE,6.79,3.21,0.37,13.21,8.07,7.99
Austin Hooper,TE,6.67,3.61,-0.55,13.89,7.58,8.57
Jermaine Gresham,TE,6.46,1.37,3.72,9.19,6.3,6.96
C.J. Fiedorowicz,TE,6.24,3.03,0.17,12.3,7.36,7.42
David Njoku,TE,5.91,2.07,1.77,10.05,5.52,6.27
George Kittle,TE,5.39,1.52,2.36,8.43,5.16,5.36
O.J. Howard,TE,5.01,2.11,0.8,9.23,4.4,6.44
Vernon Davis,TE,4.83,1.6,1.62,8.03,4.5,5.02
Tyler Higbee,TE,4.76,1.17,2.43,7.1,4.61,5.01
Will Tye,TE,4.62,0.85,2.93,6.32,4.55,4.31
Zach Miller,TE,4.57,2.26,0.05,9.08,5.37,5.27
Dion Sims,TE,4.48,0.91,2.65,6.3,4.38,4.4
Ryan Griffin,TE,4.46,2.15,0.16,8.75,5.28,4.78
Benjamin Watson,TE,4.35,2.63,-0.92,9.62,4.93,4.42
Marcedes Lewis,TE,4.28,2.03,0.22,8.33,5.07,5.08
Virgil Green,TE,4.18,0.87,2.44,5.93,4.08,4.47
Vance McDonald,TE,4.07,1.64,0.8,7.35,3.73,3.9
A.J. Derby,TE,3.82,1.57,0.68,6.96,3.53,3.44
Garrett Celek,TE,3.77,3.06,-2.35,9.89,2.77,2.56
Seth DeValve,TE,3.67,0.65,2.37,4.97,3.62,3.56
Nick Boyle,TE,3.43,2.07,-0.7,7.57,1.77,3.61
Levine Toilolo,TE,3.2,2.2,-1.21,7.61,2.66,2.4
Trey Burton,TE,3.18,0.81,1.56,4.8,3.08,3.08
Clive Walford,TE,3.17,1.73,-0.29,6.63,2.76,2.51
Dwayne Allen,TE,3.11,0.77,1.58,4.64,3.01,3.42
Ben Koyack,TE,3.01,2.63,-2.25,8.27,2.16,1.67
Adam Shaheen,TE,3.0,1.28,0.44,5.56,2.68,3.19
Demetrius Harris,TE,2.96,1.21,0.54,5.39,2.74,2.79
Daniel Brown,TE,2.9,1.99,-1.08,6.88,3.67,3.06
Lance Kendricks,TE,2.84,1.17,0.51,5.18,2.64,2.43
Josh Hill,TE,2.83,1.52,-0.22,5.88,3.26,3.14
Gerald Everett,TE,2.77,0.5,1.76,3.78,2.73,2.59
Austin Seferian-Jenkins,TE,2.52,2.45,-2.38,7.42,3.89,2.67
Luke Willson,TE,2.47,0.52,1.44,3.5,2.41,2.61
MarQueis Gray,TE,2.35,1.33,-0.3,5.0,1.84,2.47
Ed Dickson,TE,2.19,1.06,0.08,4.3,1.96,1.84
Jonnu Smith,TE,2.16,1.41,-0.66,4.98,1.62,1.95
Maxx Williams,TE,2.14,1.25,-0.37,4.65,2.38,2.52
Anthony Fasano,TE,2.02,0.93,0.16,3.88,1.77,2.18
Xavier Grimble,TE,1.88,2.49,-3.09,6.86,1.0,0.66
Jerell Adams,TE,1.59,0.98,-0.37,3.56,1.38,1.27
C.J. Uzomah,TE,1.47,0.5,0.47,2.48,1.4,1.22
Tyler Kroft,TE,1.47,1.49,-1.51,4.44,0.98,0.76
Randall Telfer,TE,1.46,1.63,-1.8,4.72,0.54,0.86
Brent Celek,TE,1.36,1.04,-0.71,3.43,0.73,1.19
Jeff Heuerman,TE,1.23,0.74,-0.25,2.71,0.67,1.15
Nick OLeary,TE,1.16,0.65,-0.14,2.47,1.01,1.03
Darrell Daniels,TE,1.12,1.0,-0.88,3.12,0.75,0.41
Luke Stocker,TE,1.1,0.86,-0.61,2.81,0.88,0.62
Rhett Ellison,TE,1.04,0.35,0.34,1.74,0.98,1.07
Stephen Anderson,TE,1.01,1.3,-1.58,3.6,0.74,0.53
Troy Niklas,TE,1.0,0.72,-0.43,2.44,1.15,0.98
Darren Fells,TE,0.98,0.06,0.86,1.11,0.98,0.98
Jordan Leggett,TE,0.98,0.45,0.07,1.89,0.88,0.88
Eric Tomlinson,TE,0.97,1.34,-1.71,3.65,0.98,0.25
Lee Smith,TE,0.82,0.72,-0.62,2.26,0.87,0.62
Jacob Hollister,TE,0.7,0.09,0.53,0.88,0.7,0.64
Phillip Supernaw,TE,0.6,0.77,-0.94,2.14,0.45,0.27
Geoff Swaim,TE,0.6,0.34,-0.09,1.29,0.73,0.64
Blake Bell,TE,0.56,0.12,0.32,0.79,0.54,0.54
Michael Roberts,TE,0.53,0.05,0.43,0.64,0.53,0.57
Ifeanyi Momah,TE,0.52,0.32,-0.12,1.15,0.61,0.48
David Morgan,TE,0.51,0.34,-0.16,1.19,0.32,0.49
Brandon Williams,TE,0.5,0.22,0.05,0.94,0.44,0.47
Nick Vannett,TE,0.48,0.23,0.01,0.94,0.3,0.57
Eric Saubert,TE,0.45,0.21,0.04,0.86,0.39,0.47
Derek Carrier,TE,0.43,0.08,0.27,0.58,0.42,0.44
Jeremy Sprinkle,TE,0.39,0.28,-0.16,0.95,0.59,0.59
Logan Thomas,TE,0.38,0.0,0.38,0.38,0.38,0.38
Ryan Hewitt,TE,0.36,0.0,0.36,0.37,0.36,0.36
Khari Lee,TE,0.35,0.0,0.35,0.35,0.35,0.35
Ross Travis,TE,0.35,0.23,-0.11,0.81,0.44,0.4
Niles Paul,TE,0.34,0.21,-0.09,0.77,0.4,0.4
Logan Paulsen,TE,0.3,0.06,0.19,0.42,0.3,0.3
Sean McGrath,TE,0.28,0.15,-0.03,0.58,0.21,0.29
Chris Manhertz,TE,0.21,0.21,-0.21,0.63,0.42,0.2
Alan Cross,TE,0.13,0.18,-0.23,0.48,0.38,0.0
Chris Gragg,TE,0.0,0.0,0.0,0.0,,0.0
Matt Lengel,TE,0.0,0.0,0.0,0.0,,0.0
Julio Jones,WR,20.57,4.12,12.33,28.81,20.12,21.06
Antonio Brown,WR,16.67,8.87,-1.06,34.41,19.19,19.23
Jordy Nelson,WR,16.24,2.14,11.96,20.52,16.07,17.07
Michael Thomas,WR,15.85,2.61,10.63,21.07,15.6,17.01
Odell Beckham,WR,15.71,2.88,9.96,21.46,15.39,16.5
Mike Evans,WR,15.7,2.36,10.98,20.42,15.49,16.42
Brandin Cooks,WR,15.0,2.85,9.3,20.7,14.68,16.09
Doug Baldwin,WR,15.0,2.86,9.28,20.73,14.69,15.0
Larry Fitzgerald,WR,14.04,2.95,8.13,19.95,13.63,14.88
T.Y. Hilton,WR,13.71,2.14,9.44,17.98,13.54,13.64
Demaryius Thomas,WR,13.31,2.26,8.79,17.83,13.08,13.97
Keenan Allen,WR,13.27,2.57,8.14,18.41,13.0,13.76
Jarvis Landry,WR,13.18,1.81,9.55,16.8,13.03,13.62
DeAndre Hopkins,WR,13.04,1.89,9.25,16.82,12.87,13.61
Michael Crabtree,WR,13.01,2.3,8.41,17.62,12.76,13.87
A.J. Green,WR,12.92,6.25,0.43,25.42,15.28,15.2
Golden Tate,WR,12.89,2.13,8.63,17.15,12.68,13.8
Amari Cooper,WR,12.88,2.91,7.06,18.71,12.49,13.39
Davante Adams,WR,12.84,1.7,9.43,16.24,12.7,13.4
Tyreek Hill,WR,12.72,1.25,10.22,15.22,12.65,13.14
Dez Bryant,WR,12.62,1.54,9.54,15.7,12.52,12.84
Sammy Watkins,WR,12.45,1.9,8.65,16.24,12.28,12.87
Terrelle Pryor,WR,12.39,2.31,7.77,17.01,12.13,13.63
Pierre Garcon,WR,12.28,1.74,8.81,15.76,12.15,13.07
Emmanuel Sanders,WR,12.27,2.17,7.93,16.6,12.06,12.58
Ted Ginn,WR,12.13,2.41,7.32,16.94,11.87,12.41
Jeremy Maclin,WR,11.9,3.07,5.75,18.04,11.43,12.51
Alshon Jeffery,WR,11.53,1.65,8.24,14.83,11.4,11.98
Marqise Lee,WR,11.11,2.06,6.99,15.22,10.9,10.97
Kelvin Benjamin,WR,10.73,1.58,7.58,13.88,10.59,11.46
Chris Hogan,WR,10.7,1.68,7.34,14.07,10.56,11.28
DeVante Parker,WR,10.64,1.86,6.92,14.36,10.44,11.12
Sterling Shepard,WR,10.54,1.85,6.85,14.24,10.34,11.36
Tyrell Williams,WR,10.44,1.28,7.87,13.01,10.36,10.47
Adam Thielen,WR,10.35,1.29,7.76,12.94,10.26,10.88
Stefon Diggs,WR,10.33,5.08,0.17,20.5,12.14,12.82
Jamison Crowder,WR,10.3,2.18,5.95,14.65,10.0,11.12
Brandon Marshall,WR,10.29,2.05,6.19,14.4,10.05,11.02
Mike Wallace,WR,10.04,2.31,5.42,14.66,9.73,10.72
Eric Decker,WR,10.04,0.72,8.6,11.48,10.01,9.58
DeSean Jackson,WR,10.01,0.91,8.19,11.83,9.96,10.28
Rishard Matthews,WR,9.98,1.05,7.88,12.08,9.92,10.12
Marvin Jones,WR,9.87,1.56,6.75,12.98,9.74,10.09
Randall Cobb,WR,9.63,4.55,0.54,18.73,11.43,12.03
J.J. Nelson,WR,9.59,1.28,7.02,12.15,9.5,10.02
Mohamed Sanu,WR,9.58,1.18,7.23,11.94,9.5,9.93
Jordan Matthews,WR,9.56,1.49,6.58,12.55,9.43,9.99
Robby Anderson,WR,9.54,2.08,5.37,13.7,9.29,9.5
John Brown,WR,9.45,2.56,4.32,14.58,9.09,9.81
Corey Coleman,WR,9.42,2.01,5.4,13.45,9.18,9.43
Kenny Britt,WR,9.35,1.26,6.82,11.87,9.26,9.26
Kendall Wright,WR,8.92,1.64,5.64,12.2,8.74,9.36
Brandon LaFell,WR,8.87,1.88,5.11,12.63,8.69,7.93
Cole Beasley,WR,8.82,1.43,5.97,11.67,8.71,8.78
Martavis Bryant,WR,8.79,4.04,0.72,16.87,10.5,10.41
Kenny Golladay,WR,8.76,1.72,5.32,12.2,8.56,9.41
Taylor Gabriel,WR,8.63,0.42,7.79,9.46,8.62,8.6
Allen Hurns,WR,8.52,4.5,-0.48,17.52,9.8,10.5
Kenny Stills,WR,8.49,1.22,6.05,10.93,8.41,8.17
Paul Richardson,WR,8.13,1.38,5.36,10.89,8.01,8.14
Zay Jones,WR,7.88,1.7,4.48,11.28,7.68,8.51
Robert Woods,WR,7.68,0.48,6.72,8.65,7.67,7.83
Corey Davis,WR,7.6,1.79,4.03,11.18,7.4,6.43
Donte Moncrief,WR,7.53,3.62,0.29,14.77,8.9,9.33
Tyler Lockett,WR,7.5,3.56,0.38,14.63,8.89,9.12
Travis Benjamin,WR,7.11,0.95,5.21,9.0,7.04,6.85
Terrance Williams,WR,7.1,0.64,5.81,8.38,7.07,7.14
Nelson Agholor,WR,7.08,1.69,3.7,10.46,6.83,7.3
Cooper Kupp,WR,7.03,2.63,1.77,12.28,6.41,8.11
Marquise Goodwin,WR,6.91,1.36,4.19,9.62,6.75,7.71
Jermaine Kearse,WR,6.88,2.04,2.8,10.96,6.56,7.35
Brandon Coleman,WR,6.86,1.82,3.21,10.5,6.6,7.26
Tavon Austin,WR,6.83,1.89,3.04,10.61,6.62,6.18
Tyler Boyd,WR,6.74,1.25,4.24,9.24,6.64,6.13
Breshad Perriman,WR,6.62,2.0,2.61,10.63,6.24,7.3
Devin Funchess,WR,6.28,2.94,0.4,12.16,7.47,7.4
Torrey Smith,WR,6.19,1.6,2.99,9.4,5.96,6.84
Eli Rogers,WR,5.99,2.55,0.9,11.08,5.48,5.37
Adam Humphries,WR,5.92,1.49,2.94,8.91,5.75,5.4
Chris Conley,WR,5.9,1.3,3.29,8.5,5.74,6.33
Markus Wheaton,WR,5.88,1.32,3.25,8.51,5.76,5.25
Seth Roberts,WR,5.87,1.24,3.39,8.36,5.73,6.28
Albert Wilson,WR,5.81,1.39,3.02,8.6,5.62,6.34
ArDarius Stewart,WR,5.75,2.97,-0.19,11.69,5.0,5.8
Jeremy Kerley,WR,5.74,0.49,4.75,6.73,5.72,5.92
Laquon Treadwell,WR,5.19,1.66,1.88,8.51,4.93,5.03
Deonte Thompson,WR,5.11,1.94,1.22,8.99,4.74,4.39
Andre Holmes,WR,4.85,1.48,1.9,7.8,4.61,5.31
Dontrelle Inman,WR,4.65,1.91,0.83,8.47,4.3,3.82
Russell Shepard,WR,4.64,1.06,2.52,6.77,4.53,4.38
Josh Doctson,WR,4.54,2.13,0.29,8.79,5.4,5.2
Jaelen Strong,WR,4.47,2.12,0.22,8.72,5.3,5.18
Chris Godwin,WR,4.06,2.37,-0.68,8.8,3.34,3.32
Aldrick Robinson,WR,3.93,0.52,2.9,4.97,3.9,3.7
Geronimo Allison,WR,3.9,2.76,-1.62,9.43,3.83,4.22
Jaron Brown,WR,3.88,2.49,-1.09,8.85,4.19,3.87
Phillip Dorsett,WR,3.81,1.31,1.19,6.43,3.55,4.09
Kamar Aiken,WR,3.81,1.77,0.27,7.34,3.38,3.38
Curtis Samuel,WR,3.74,2.26,-0.78,8.26,4.4,4.93
Bennie Fowler,WR,3.71,1.7,0.31,7.12,2.67,4.09
Josh Bellamy,WR,3.56,1.03,1.5,5.61,3.39,3.4
Chester Rogers,WR,3.5,1.59,0.31,6.69,3.02,3.53
Braxton Miller,WR,3.49,2.1,-0.7,7.68,3.93,3.4
Cordarrelle Patterson,WR,3.31,0.83,1.65,4.96,3.21,3.02
JuJu Smith-Schuster,WR,3.29,0.77,1.76,4.82,3.2,3.1
Arrelious Benn,WR,3.01,1.58,-0.15,6.18,2.45,3.12
T.J. Jones,WR,2.98,0.68,1.63,4.34,2.91,2.51
Jarius Wright,WR,2.92,1.16,0.61,5.23,2.72,2.6
Charone Peake,WR,2.91,1.17,0.56,5.26,2.49,3.18
Trent Taylor,WR,2.85,2.05,-1.24,6.95,2.06,1.92
Taywan Taylor,WR,2.8,1.39,0.01,5.58,2.43,3.02
Jordan Taylor,WR,2.8,0.86,1.08,4.51,2.66,2.44
Brice Butler,WR,2.78,0.5,1.78,3.78,2.73,2.88
Cody Core,WR,2.76,2.39,-2.02,7.55,2.04,1.6
John Ross,WR,2.72,1.97,-1.21,6.66,2.74,3.8
Ricardo Louis,WR,2.7,1.44,-0.17,5.58,1.97,3.16
Sammie Coates,WR,2.69,2.01,-1.33,6.7,2.2,1.71
Ryan Grant,WR,2.59,1.42,-0.26,5.44,2.03,2.83
Darrius Heyward-Bey,WR,2.55,2.91,-3.28,8.37,1.48,0.94
Pharoh Cooper,WR,2.43,2.23,-2.02,6.88,2.3,1.61
Justin Hardy,WR,2.41,0.67,1.08,3.75,2.32,2.5
Chad Hansen,WR,2.17,1.53,-0.9,5.23,0.89,2.67
Roger Lewis,WR,2.12,1.11,-0.11,4.34,1.61,2.26
Austin Carr,WR,2.04,0.7,0.64,3.44,1.87,2.26
Brian Quick,WR,1.64,1.02,-0.39,3.67,1.21,1.58
Tre McBride,WR,1.28,1.45,-1.62,4.17,0.8,0.58
Isaiah McKenzie,WR,1.27,0.93,-0.6,3.14,0.52,1.11
Brandon Tate,WR,1.24,1.08,-0.92,3.4,0.91,0.84
Michael Campanaro,WR,1.21,1.45,-1.69,4.1,1.14,0.69
Brittan Golden,WR,1.17,1.03,-0.89,3.22,0.88,0.79
Tommylee Lewis,WR,1.17,0.61,-0.06,2.4,1.05,0.95
Justin Hunter,WR,1.13,0.68,-0.23,2.49,1.33,1.54
Harry Douglas,WR,1.13,1.59,-2.06,4.31,3.38,0.0
Cody Latimer,WR,1.06,0.66,-0.27,2.39,0.52,1.1
Tanner McEvoy,WR,1.05,0.5,0.06,2.04,0.92,1.14
Jeff Janis,WR,1.03,1.07,-1.1,3.16,0.61,0.7
Amara Darboh,WR,0.85,0.46,-0.07,1.78,0.72,0.76
Mack Hollins,WR,0.82,0.39,0.04,1.59,0.74,0.75
Nick Williams,WR,0.82,0.59,-0.36,1.99,1.22,1.1
Stacy Coley,WR,0.8,0.22,0.37,1.24,0.78,0.65
Josh Reynolds,WR,0.78,0.51,-0.24,1.79,0.6,0.51
Leonte Carroo,WR,0.75,0.29,0.16,1.33,0.7,0.68
Shelton Gibson,WR,0.74,0.19,0.36,1.12,0.72,0.64
Jehu Chesson,WR,0.74,0.16,0.41,1.06,0.72,0.66
Dwayne Harris,WR,0.71,0.51,-0.31,1.73,0.46,0.52
Chris Moore,WR,0.71,0.55,-0.39,1.8,0.52,0.46
DeAnthony Thomas,WR,0.7,0.26,0.18,1.23,0.64,0.74
Jared Abbrederis,WR,0.69,0.83,-0.96,2.34,0.94,0.56
Rodney Adams,WR,0.65,0.38,-0.11,1.41,0.45,0.65
Andy Jones,WR,0.65,0.96,-1.27,2.57,0.9,0.18
Ryan Switzer,WR,0.62,0.45,-0.27,1.52,0.73,0.49
Demarcus Robinson,WR,0.61,0.53,-0.45,1.68,0.79,0.68
J.D. McKissic,WR,0.59,0.59,-0.59,1.77,1.18,0.59
Quan Bray,WR,0.56,0.38,-0.21,1.32,0.61,0.5
Antwan Goodley,WR,0.53,0.44,-0.34,1.4,0.75,0.52
Kasen Williams,WR,0.53,0.44,-0.34,1.4,0.75,0.52
Kaelin Clay,WR,0.53,0.24,0.05,1.01,0.48,0.46
Alex Erickson,WR,0.52,0.2,0.12,0.92,0.48,0.52
Trevor Davis,WR,0.42,0.29,-0.17,1.01,0.43,0.41
Chris Matthews,WR,0.39,0.48,-0.57,1.35,0.66,0.18
Matt Hazel,WR,0.35,0.25,-0.16,0.86,0.51,0.44
Josh Malone,WR,0.33,0.23,-0.14,0.79,0.49,0.46
Noah Brown,WR,0.29,0.2,-0.11,0.68,0.36,0.34
Marcus Johnson,WR,0.27,0.27,-0.26,0.8,0.4,0.2
Johnny Holton,WR,0.23,0.16,-0.1,0.56,0.17,0.2
Jakeem Grant,WR,0.21,0.15,-0.1,0.52,0.12,0.23
Chad Williams,WR,0.2,0.05,0.1,0.31,0.2,0.24
Eric Weems,WR,0.12,0.18,-0.24,0.49,0.16,0.03
Vince Mayle,WR,0.12,0.15,-0.18,0.42,0.3,0.0
Kalif Raymond,WR,0.11,0.13,-0.15,0.37,0.11,0.04
Matt Slater,WR,0.03,0.04,-0.04,0.1,0.04,0.01
Rueben Randle,WR,0.0,0.0,0.0,0.0,,0.0
Rashad Greene,WR,0.0,0.0,0.0,0.0,,0.0
Devin Lucien,WR,0.0,0.0,0.0,0.0,,0.0
Rashawn Scott,WR,0.0,0.0,0.0,0.0,,0.0
Dom Williams,WR,0.0,0.0,0.0,0.0,,0.0
